name,node_id,osm_node_id,osm_highway,zone_id,ctrl_type,node_type,activity_type,is_boundary,x_coord,y_coord,intersection_id,poi_id,notes
,0,,,,,,,,-114.2846,42.5761967,,,boundary node created by osm2gmns
,1,129392820,,,,,,,-114.296223,42.575407,,,
,2,129393696,,,,,,,-114.50194,42.636592,,,
,3,,,,,,,,-114.5019617,42.6629,,,boundary node created by osm2gmns
,4,129440267,,,,,,,-114.475026,42.652811,,,
,5,129440273,,,,,,,-114.474002,42.652034,,,
,6,129455802,motorway_junction,,,,,,-114.301298,42.57831,,,
,7,129455838,,,,,,,-114.296252,42.576191,,,
,8,129484543,motorway_junction,,,,,,-114.289103,42.576736,,,
,9,129484580,,,,,,,-114.29633,42.578276,,,
,10,129488838,,,,,,,-114.4398572,42.6501805,,,
,11,129488847,,,,,,,-114.4435346,42.6501272,,,
,12,129491169,,,,,,,-114.404978,42.60044,,,
,13,129491181,,,,,,,-114.408518,42.601576,,,
,14,129455840,,,,,,,-114.29533,42.576247,,,
,15,129498285,,,,,,,-114.423737,42.603361,,,
,16,129498228,,,,,,,-114.411137,42.60258,,,
,17,129498281,,,,,,,-114.427962,42.60392,,,
,18,129517705,,,,,,,-114.383851,42.634689,,,
,19,129425476,,,,,,,-114.37156,42.629907,,,
,20,129447303,,,,,,,-114.423716,42.647656,,,
,21,129506516,,,,,,,-114.4403671,42.647661,,,
,22,129658084,,,,,,,-114.442625,42.647797,,,
,23,129587964,,,,,,,-114.437158,42.6455,,,
,24,129483248,,,,,,,-114.39849,42.605575,,,
,25,129570148,,,,,,,-114.382331,42.618008,,,
,26,129570233,,,,,,,-114.393174,42.62076,,,
,27,129651493,,,,,,,-114.518379,42.637123,,,
,28,129681426,traffic_signals,,signal,,,,-114.4522373,42.608953,,,
,29,129577587,traffic_signals,,signal,,,,-114.4518827,42.6089069,,,
,30,1842144775,,,,,,,-114.3813845,42.6195485,,,
,31,129650364,,,,,,,-114.518378,42.651646,,,
,32,,,,,,,,-114.5835,42.651858,,,boundary node created by osm2gmns
,33,129618801,,,,,,,-114.400211,42.598978,,,
,34,129604128,,,,,,,-114.38495,42.652996,,,
,35,,,,,,,,-114.3847355,42.6629,,,boundary node created by osm2gmns
,36,129668100,,,,,,,-114.296375,42.579037,,,
,37,,,,,,,,-114.2846,42.5768764,,,boundary node created by osm2gmns
,38,129671351,,,,,,,-114.294989,42.591453,,,
,39,129671387,,,,,,,-114.29637,42.590331,,,
,40,129434713,,,,,,,-114.368519,42.643949,,,
,41,,,,,,,,-114.3648602,42.6629,,,boundary node created by osm2gmns
,42,129425620,,,,,,,-114.380669,42.620328,,,
,43,,,,,,,,-114.5184002,42.6629,,,boundary node created by osm2gmns
,44,129652030,,,,,,,-114.52033,42.633201,,,
,45,131380326,motorway_junction,,,,,,-114.5806995,42.5636981,,,
,46,131380349,,,,,,,-114.5780185,42.5634972,,,
,47,131380387,,,,,,,-114.5747425,42.5591032,,,
,48,131447621,,,,,,,-114.4595993,42.5486987,,,
,49,131386318,,,,,,,-114.4602205,42.5490941,,,
,50,131625725,,,,,,,-114.479627,42.527483,,,
,51,131431132,,,,,,,-114.4893757,42.5276113,,,
,52,131444150,,,,,,,-114.569763,42.564009,,,
,53,131444161,,,,,,,-114.566341,42.564007,,,
,54,131447217,traffic_signals,,signal,,,,-114.4603366,42.5741463,,,
,55,131447229,,,,,,,-114.462778,42.574159,,,
,56,1362312857,,,,,,,-114.4406166,42.5480401,,,
,57,1362312860,,,,,,,-114.4399799,42.5485077,,,
,58,131433589,,,,,,,-114.483399,42.556441,,,
,59,131482861,,,,,,,-114.4831956,42.5564364,,,
,60,2216078275,,,,,,,-114.5747372,42.5597443,,,
,61,131406272,,,,,,,-114.5717892,42.5634452,,,
,62,131690493,,,,,,,-114.5645587,42.5637025,,,
,63,131489098,,,,,,,-114.3984933,42.5957427,,,
,64,131489211,,,,,,,-114.398448,42.593751,,,
,65,131489234,,,,,,,-114.4013674,42.5933785,,,
,66,131489079,,,,,,,-114.397879,42.5939845,,,
,67,131674829,,,,,,,-114.49023,42.5497478,,,
,68,131495225,,,,,,,-114.4882181,42.5566463,,,
,69,131496822,,,,,,,-114.3661365,42.54815,,,
,70,385843779,,,,,,,-114.3648283,42.547405,,,
,71,131527626,,,,,,,-114.5153002,42.5788928,,,
,72,131527642,,,,,,,-114.515909,42.579368,,,
,73,1362312852,,,,,,,-114.4411466,42.5484986,,,
,74,1362312873,,,,,,,-114.440577,42.5489599,,,
,75,6501359297,,,,,,,-114.4363283,42.5521221,,,
,76,6501359306,,,,,,,-114.4363252,42.5508607,,,
,77,6501359301,,,,,,,-114.4363309,42.5499162,,,
,78,131387960,,,,,,,-114.4369129,42.5486279,,,
,79,6501359288,,,,,,,-114.4374761,42.5499242,,,
,80,6501359302,,,,,,,-114.4374811,42.5508054,,,
,81,131587886,,,,,,,-114.4374573,42.5521427,,,
,82,131594384,,,,,,,-114.4504638,42.534018,,,
,83,131594387,,,,,,,-114.4504052,42.5340199,,,
,84,1362312853,traffic_signals,,signal,,,,-114.4405642,42.555784,,,
,85,131619892,,,,,,,-114.440567,42.559547,,,
,86,1361112685,traffic_signals,,signal,,,,-114.4405857,42.5631123,,,
,87,131616761,traffic_signals,,signal,,,,-114.440593,42.570352,,,
,88,131616766,,,,,,,-114.4406,42.57391,,,
,89,131616777,traffic_signals,,signal,,,,-114.440646,42.577633,,,
,90,385792037,,,,,,,-114.4405679,42.584837,,,
,91,131604286,,,,,,,-114.515722,42.576454,,,
,92,131617755,,,,,,,-114.515923,42.578918,,,
,93,6548533283,,,,,,,-114.5158897,42.5860603,,,
,94,131619859,,,,,,,-114.421213,42.55978,,,
,95,131564536,,,,,,,-114.4257449,42.5593299,,,
,96,1363967374,,,,,,,-114.4356484,42.5520886,,,
,97,385792090,,,,,,,-114.421244,42.552316,,,
,98,131623509,,,,,,,-114.4799461,42.5992513,,,
,99,385793242,,,,,,,-114.4846104,42.599239,,,
,100,131625701,,,,,,,-114.469956,42.5272386,,,
,101,131625939,traffic_signals,,signal,,,,-114.4551668,42.5966246,,,
,102,131376212,traffic_signals,,signal,,,,-114.4517418,42.5919545,,,
,103,131625971,,,,,,,-114.451807,42.590353,,,
,104,131626008,,,,,,,-114.455172,42.58963,,,
,105,131645082,,,,,,,-114.450446,42.5667578,,,
,106,131628153,,,,,,,-114.450474,42.570403,,,
,107,131628157,,,,,,,-114.4504989,42.5740353,,,
,108,131629418,,,,,,,-114.4797398,42.5563741,,,
,109,131482870,,,,,,,-114.4815509,42.5564105,,,
,110,131579573,,,,,,,-114.4652216,42.5631517,,,
,111,131630383,,,,,,,-114.4652135,42.5667939,,,
,112,131630387,,,,,,,-114.4652124,42.5704422,,,
,113,131630391,,,,,,,-114.4652255,42.5742011,,,
,114,131630404,,,,,,,-114.4652305,42.5777775,,,
,115,5596997429,,,,,,,-114.4561665,42.5971276,,,
,116,131632759,,,,,,,-114.36493,42.562638,,,
,117,131632775,,,,,,,-114.384416,42.562716,,,
,118,131632793,,,,,,,-114.401397,42.562804,,,
,119,385793602,traffic_signals,,signal,,,,-114.421199,42.56279,,,
,120,131632820,traffic_signals,,signal,,,,-114.4309215,42.5629516,,,
,121,131633163,,,,,,,-114.494115,42.571133,,,
,122,131633174,,,,,,,-114.4940892,42.574381,,,
,123,131633183,,,,,,,-114.494046,42.578117,,,
,124,131633189,,,,,,,-114.4939383,42.5850654,,,
,125,131623809,,,,,,,-114.493897,42.588989,,,
,126,1362971484,traffic_signals,,signal,,,,-114.4746558,42.5524284,,,
,127,131633245,,,,,,,-114.4795117,42.5560079,,,
,128,131633730,,,,,,,-114.460188,42.534195,,,
,129,131633755,,,,,,,-114.4698399,42.5345225,,,
,130,131633770,traffic_signals,,signal,,,,-114.479542,42.534829,,,
,131,131634355,,,,,,,-114.4895802,42.6063671,,,
,132,5263074038,,,,,,,-114.490779,42.6063127,,,
,133,131634112,,,,,,,-114.445522,42.563172,,,
,134,131635412,,,,,,,-114.4455119,42.5667517,,,
,135,131635419,,,,,,,-114.445529,42.570372,,,
,136,131587523,,,,,,,-114.5349555,42.593213,,,
,137,131635588,,,,,,,-114.5365838,42.622093,,,
,138,131640588,,,,,,,-114.4993584,42.5850977,,,
,139,385791791,,,,,,,-114.4862342,42.5850032,,,
,140,131642732,,,,,,,-114.431481,42.541099,,,
,141,131642747,,,,,,,-114.4406454,42.5411969,,,
,142,131477402,,,,,,,-114.4553335,42.541354,,,
,143,131592064,traffic_signals,,signal,,,,-114.4800615,42.5631505,,,
,144,2213510477,,,,,,,-114.4800381,42.5637613,,,
,145,131490399,,,,,,,-114.480038,42.5642412,,,
,146,1362971482,,,,,,,-114.480769,42.563194,,,
,147,2213510472,,,,,,,-114.4813918,42.563231,,,
,148,131643599,,,,,,,-114.4923646,42.5640152,,,
,149,131643602,traffic_signals,,signal,,,,-114.4933292,42.5640726,,,
,150,131643844,,,,,,,-114.5012176,42.5640265,,,
,151,131643685,,,,,,,-114.5159113,42.5638321,,,
,152,131643708,,,,,,,-114.5313796,42.5637668,,,
,153,131645056,traffic_signals,,signal,,,,-114.4602978,42.56677,,,
,154,131645068,,,,,,,-114.455369,42.5667639,,,
,155,131645074,,,,,,,-114.4529328,42.5667609,,,
,156,131645511,,,,,,,-114.4701691,42.5668125,,,
,157,1362951323,,,,,,,-114.4799576,42.5668869,,,
,158,131643282,,,,,,,-114.479971,42.566888,,,
,159,131388222,,,,,,,-114.4639808,42.5495847,,,
,160,131634049,,,,,,,-114.462178,42.549059,,,
,161,131648271,,,,,,,-114.492436,42.564409,,,
,162,131648974,traffic_signals,,signal,,,,-114.4603556,42.5777069,,,
,163,131441470,,,,,,,-114.4700971,42.5778518,,,
,164,131528395,traffic_signals,,signal,,,,-114.4742183,42.5779113,,,
,165,131643197,traffic_signals,,signal,,,,-114.47977,42.577988,,,
,166,131649297,traffic_signals,,signal,,,,-114.4602094,42.5486082,,,
,167,131648519,traffic_signals,,signal,,,,-114.460212,42.5486907,,,
,168,131463098,,,,,,,-114.499398,42.56794,,,
,169,131649463,,,,,,,-114.499357,42.571361,,,
,170,,,,,,,,-114.4991487,42.5236,,,boundary node created by osm2gmns
,171,385796676,,,,,,,-114.4990824,42.5350433,,,
,172,131651102,,,,,,,-114.499111,42.549798,,,
,173,1362951324,,,,,,,-114.4800863,42.5668926,,,
,174,131648279,,,,,,,-114.492379,42.567528,,,
,175,5365148781,,,,,,,-114.4212346,42.5701821,,,
,176,131488602,traffic_signals,,signal,,,,-114.4211801,42.573681,,,
,177,131651220,,,,,,,-114.421141,42.577323,,,
,178,3460280818,,,,,,,-114.4211393,42.5773583,,,
,179,131652039,,,,,,,-114.3650383,42.5771706,,,
,180,131649338,traffic_signals,,signal,,,,-114.460279,42.563167,,,
,181,7283694858,traffic_signals,,signal,,,,-114.460317,42.5704219,,,
,182,131652189,traffic_signals,,signal,,,,-114.4602289,42.5848864,,,
,183,131652192,,,,,,,-114.4601411,42.5885549,,,
,184,1361118537,,,,,,,-114.4600783,42.5911763,,,
,185,1361118520,,,,,,,-114.4600776,42.5912079,,,
,186,1361118629,traffic_signals,,signal,,,,-114.4600613,42.5918866,,,
,187,131376188,traffic_signals,,signal,,,,-114.4600576,42.5920411,,,
,188,131654021,,,,,,,-114.348208,42.577056,,,
,189,131654081,,,,,,,-114.384451,42.577189,,,
,190,5404603281,,,,,,,-114.401422,42.5773509,,,
,191,1363110941,,,,,,,-114.4895198,42.5991248,,,
,192,3649058032,,,,,,,-114.4896824,42.5991286,,,
,193,1363126668,,,,,,,-114.4913768,42.5991423,,,
,194,131657718,,,,,,,-114.4864215,42.5708199,,,
,195,131657723,,,,,,,-114.4863717,42.5743202,,,
,196,131657729,,,,,,,-114.4863188,42.5780583,,,
,197,131660603,,,,,,,-114.555095,42.549331,,,
,198,131660637,,,,,,,-114.5747463,42.5493688,,,
,199,,,,,,,,-114.5835,42.54935,,,boundary node created by osm2gmns
,200,131633645,,,,,,,-114.3256473,42.5481343,,,
,201,131661372,,,,,,,-114.34526,42.548006,,,
,202,131583164,,,,,,,-114.3648586,42.5481513,,,
,203,2844433253,,,,,,,-114.4545712,42.5978279,,,
,204,131716721,,,,,,,-114.454284,42.5984424,,,
,205,131635968,,,,,,,-114.5355062,42.5639267,,,
,206,131664095,,,,,,,-114.5551368,42.5639324,,,
,207,131665643,,,,,,,-114.430897,42.573734,,,
,208,5404449116,,,,,,,-114.4163376,42.5736322,,,
,209,2218968232,,,,,,,-114.3535723,42.5337506,,,
,210,2218968229,,,,,,,-114.3537127,42.5336172,,,
,211,131665994,,,,,,,-114.364787,42.533649,,,
,212,131635937,,,,,,,-114.535512,42.549285,,,
,213,,,,,,,,-114.4699351,42.5236,,,boundary node created by osm2gmns
,214,385792031,,,,,,,-114.4698815,42.5418278,,,
,215,131625893,,,,,,,-114.4697896,42.5455132,,,
,216,131625899,,,,,,,-114.4697445,42.5470272,,,
,217,131570027,,,,,,,-114.3648144,42.5385328,,,
,218,131520211,,,,,,,-114.364835,42.5422015,,,
,219,131389061,,,,,,,-114.374615,42.533694,,,
,220,131651958,,,,,,,-114.36473,42.524567,,,
,221,1362312867,traffic_signals,,signal,,,,-114.4553058,42.5486133,,,
,222,131622192,,,,,,,-114.4553038,42.5522487,,,
,223,131673229,,,,,,,-114.4553197,42.555889,,,
,224,3460280604,traffic_signals,,signal,,,,-114.4553518,42.5631533,,,
,225,131634140,,,,,,,-114.455352,42.563192,,,
,226,131628299,,,,,,,-114.424464,42.577352,,,
,227,131673524,,,,,,,-114.4505052,42.5776913,,,
,228,131630370,traffic_signals,,signal,,,,-114.4649469,42.5848657,,,
,229,10604975531,,,,,,,-114.4692988,42.5851737,,,
,230,4361632773,,,,,,,-114.4694617,42.5852784,,,
,231,4361641507,,,,,,,-114.469673,42.5851506,,,
,232,1365102855,traffic_signals,,signal,,,,-114.4796564,42.5849109,,,
,233,1365102859,traffic_signals,,signal,,,,-114.4798003,42.5849238,,,
,234,131674780,,,,,,,-114.515853,42.549521,,,
,235,131502689,,,,,,,-114.479538,42.549672,,,
,236,131670598,,,,,,,-114.305896,42.528632,,,
,237,131676662,,,,,,,-114.3059336,42.5317715,,,
,238,131649477,,,,,,,-114.4992737,42.5781902,,,
,239,131633693,,,,,,,-114.5126055,42.5787839,,,
,240,131643316,traffic_signals,,signal,,,,-114.479898,42.577986,,,
,241,131472912,,,,,,,-114.4308813,42.5338253,,,
,242,131667641,,,,,,,-114.4407573,42.5338384,,,
,243,131650837,,,,,,,-114.36482,42.537259,,,
,244,131678990,,,,,,,-114.5552403,42.5331997,,,
,245,131678997,,,,,,,-114.555245,42.534785,,,
,246,6167332706,,,,,,,-114.5551348,42.5642323,,,
,247,2216192016,,,,,,,-114.555142,42.5931762,,,
,248,131622353,,,,,,,-114.5551607,42.5938299,,,
,249,385796693,,,,,,,-114.494304,42.535011,,,
,250,131686690,,,,,,,-114.515905,42.534843,,,
,251,131490029,,,,,,,-114.547879,42.534776,,,
,252,1363110956,,,,,,,-114.4895683,42.5936998,,,
,253,131688364,,,,,,,-114.5678744,42.5347879,,,
,254,131688376,,,,,,,-114.5747345,42.5348139,,,
,255,,,,,,,,-114.5835,42.5347797,,,boundary node created by osm2gmns
,256,131688823,,,,,,,-114.421128,42.533802,,,
,257,131688844,,,,,,,-114.401514,42.533858,,,
,258,131667665,,,,,,,-114.4406324,42.5448599,,,
,259,131688992,,,,,,,-114.4553088,42.5449782,,,
,260,131555502,,,,,,,-114.4601143,42.5450329,,,
,261,6167332711,,,,,,,-114.5556101,42.5639055,,,
,262,1064954897,,,,,,,-114.5743528,42.5637035,,,
,263,2218968328,,,,,,,-114.3644947,42.5382003,,,
,264,131665982,,,,,,,-114.3529818,42.5336217,,,
,265,131668350,,,,,,,-114.345176,42.533551,,,
,266,131691464,,,,,,,-114.305923,42.533308,,,
,267,5391383057,,,,,,,-114.4655779,42.5452692,,,
,268,1364000709,,,,,,,-114.4795657,42.545976,,,
,269,131697088,,,,,,,-114.4942574,42.5302486,,,
,270,1362312890,,,,,,,-114.4587887,42.5486429,,,
,271,131648533,,,,,,,-114.470073,42.5558597,,,
,272,131698929,traffic_signals,,signal,,,,-114.4691444,42.5565487,,,
,273,131697126,,,,,,,-114.4701707,42.5649872,,,
,274,131699033,,,,,,,-114.4701504,42.5704936,,,
,275,131701086,,,,,,,-114.430909,42.570202,,,
,276,385793329,,,,,,,-114.4309092,42.5756758,,,
,277,131645343,traffic_signals,,signal,,,,-114.4786907,42.5495016,,,
,278,131682176,,,,,,,-114.4773337,42.523692,,,
,279,131645280,,,,,,,-114.4796632,42.5237485,,,
,280,131651332,,,,,,,-114.4824399,42.5237614,,,
,281,131702310,,,,,,,-114.3060692,42.5600252,,,
,282,,,,,,,,-114.4212172,42.5236,,,boundary node created by osm2gmns
,283,1362312861,traffic_signals,,signal,,,,-114.421263,42.5482998,,,
,284,385792087,,,,,,,-114.421246,42.555512,,,
,285,131468349,,,,,,,-114.4774628,42.5502894,,,
,286,2213470385,,,,,,,-114.4763404,42.5511339,,,
,287,1362378074,traffic_signals,,signal,,,,-114.4781471,42.5631116,,,
,288,131704096,,,,,,,-114.4503294,42.588372,,,
,289,131704103,,,,,,,-114.4551901,42.5885269,,,
,290,131630362,,,,,,,-114.4645843,42.5882326,,,
,291,131704164,,,,,,,-114.404278,42.590788,,,
Shoshone Falls Park,292,131704305,,,,,,,-114.3999635,42.5918702,,,
,293,131702625,traffic_signals,,signal,,,,-114.4710089,42.5551582,,,
,294,1339199393,,,,,,,-114.4643144,42.5502722,,,
,295,131483236,,,,,,,-114.515912,42.607774,,,
,296,131705170,,,,,,,-114.5228413,42.6079144,,,
,297,131705345,,,,,,,-114.4529638,42.5704013,,,
,298,131705347,traffic_signals,,signal,,,,-114.455364,42.570401,,,
,299,131667902,,,,,,,-114.4503251,42.5376354,,,
,300,131706903,,,,,,,-114.4799965,42.5617072,,,
,301,131696959,,,,,,,-114.4795669,42.5613946,,,
,302,131704319,,,,,,,-114.3985755,42.5922007,,,
,303,131619880,,,,,,,-114.430871,42.559319,,,
,304,1363967370,,,,,,,-114.430917,42.556135,,,
,305,1362951327,traffic_signals,,signal,,,,-114.4799038,42.5705326,,,
,306,131643294,,,,,,,-114.479993,42.570534,,,
,307,131607012,,,,,,,-114.5159194,42.5629833,,,
,308,131516692,,,,,,,-114.515886,42.573285,,,
,309,,,,,,,,-114.5159219,42.5236,,,boundary node created by osm2gmns
,310,131617781,,,,,,,-114.515881,42.593372,,,
,311,131569063,,,,,,,-114.515899,42.606404,,,
,312,131654683,,,,,,,-114.460217,42.5414089,,,
,313,385792882,,,,,,,-114.479536,42.54223,,,
,314,131665711,,,,,,,-114.455316,42.574069,,,
,315,131673533,traffic_signals,,signal,,,,-114.455368,42.5776868,,,
,316,131658147,,,,,,,-114.4552568,42.5844649,,,
,317,131376202,,,,,,,-114.4550591,42.5919661,,,
,318,131605492,,,,,,,-114.5747268,42.56497,,,
,319,131406242,,,,,,,-114.5747233,42.5627703,,,
,320,1338659920,,,,,,,-114.5747447,42.5570745,,,
,321,131531832,,,,,,,-114.3923153,42.5935404,,,
,322,131619810,,,,,,,-114.452902,42.563156,,,
,323,129447238,motorway_junction,,,,,,-114.433326,42.638064,,,
,324,129587764,traffic_signals,,signal,,,,-114.4447745,42.6470354,,,
,325,129447147,motorway_junction,,,,,,-114.445296,42.6440093,,,
,326,262078206,,,,,,,-114.443722,42.641766,,,
,327,129676297,,,,,,,-114.443704,42.641149,,,
,328,3632246037,,,,,,,-114.4336214,42.6375374,,,
,329,129587706,,,,,,,-114.3817421,42.6191196,,,
,330,129676293,,,,,,,-114.447653,42.642555,,,
,331,1842144776,,,,,,,-114.4462778,42.6420654,,,
,332,1240479821,,,,,,,-114.3003312,42.5658362,,,
,333,1240479981,,,,,,,-114.2989519,42.5677481,,,
,334,129580656,,,,,,,-114.297379,42.569761,,,
,335,1362971478,,,,,,,-114.4800532,42.5628142,,,
,336,131649305,,,,,,,-114.4602202,42.5500936,,,
,337,131667926,,,,,,,-114.4605796,42.5503112,,,
,338,131619946,,,,,,,-114.4602686,42.559518,,,
,339,1362312868,traffic_signals,,signal,,,,-114.4406198,42.5484965,,,
,340,8038735711,,,,,,,-114.4068017,42.548316,,,
,341,1064954899,motorway_junction,,,,,,-114.5751312,42.5637007,,,
,342,669889463,,,,,,,-114.5781551,42.5667427,,,
,343,131490243,,,,,,,-114.574733,42.5671168,,,
,344,131699445,,,,,,,-114.574619,42.569763,,,
,345,2216078576,,,,,,,-114.574721,42.5680253,,,
,346,131401439,,,,,,,-114.5747369,42.567208,,,
,347,131716815,,,,,,,-114.5747204,42.5380839,,,
,348,131507632,,,,,,,-114.5747317,42.5466626,,,
,349,131507013,,,,,,,-114.5747281,42.536541,,,
,350,131434361,,,,,,,-114.5747441,42.5555519,,,
,351,1339199366,,,,,,,-114.3647698,42.5444876,,,
,352,2216216427,,,,,,,-114.4432551,42.6567877,,,
,353,129684490,,,,,,,-114.4430186,42.6606321,,,
,354,131690895,,,,,,,-114.3648393,42.5425277,,,
,355,131649506,,,,,,,-114.499389,42.5890353,,,
,356,1363110914,,,,,,,-114.4894401,42.5884696,,,
,357,3460280605,traffic_signals,,signal,,,,-114.457822,42.5631602,,,
,358,1361118601,traffic_signals,,signal,,,,-114.4994221,42.591597,,,
,359,1361118612,traffic_signals,,signal,,,,-114.4895565,42.5915812,,,
,360,1361118627,,,,,,,-114.4813449,42.5915801,,,
,361,1365102858,traffic_signals,,signal,,,,-114.4796992,42.5915719,,,
,362,1365102838,traffic_signals,,signal,,,,-114.4795367,42.591576,,,
,363,1361118631,,,,,,,-114.4782952,42.5915718,,,
,364,1361118649,traffic_signals,,signal,,,,-114.4650747,42.5918538,,,
,365,1361118545,,,,,,,-114.461242,42.591866,,,
,366,1338659921,traffic_signals,,signal,,,,-114.4796911,42.5917941,,,
,367,1361118521,,,,,,,-114.4804008,42.591794,,,
,368,1363110907,traffic_signals,,signal,,,,-114.4895561,42.5917832,,,
,369,1361118616,traffic_signals,,signal,,,,-114.4994255,42.5918248,,,
,370,1361118594,,,,,,,-114.4796903,42.590961,,,
,371,1361118534,,,,,,,-114.4592597,42.5918967,,,
,372,1361118538,,,,,,,-114.478306,42.5917804,,,
,373,1361118553,,,,,,,-114.4795267,42.5921349,,,
,374,131376191,,,,,,,-114.4584764,42.5919744,,,
,375,1361118586,,,,,,,-114.4592438,42.592016,,,
,376,1361118583,traffic_signals,,signal,,,,-114.4650862,42.5920185,,,
,377,131441677,,,,,,,-114.459964,42.5928356,,,
,378,1361118557,,,,,,,-114.4610972,42.5920516,,,
,379,385793645,,,,,,,-114.440753,42.5914843,,,
,380,131622182,,,,,,,-114.440599,42.552143,,,
,381,1362359799,,,,,,,-114.4701651,42.5631323,,,
,382,1362971480,,,,,,,-114.4750862,42.5521066,,,
,383,131648174,,,,,,,-114.4741223,42.5520458,,,
,384,1363040091,,,,,,,-114.4896842,42.6035144,,,
,385,6336476316,,,,,,,-114.4895561,42.6035142,,,
,386,6501359299,,,,,,,-114.436895,42.5499084,,,
,387,6501359304,,,,,,,-114.4368818,42.5508607,,,
,388,131387963,,,,,,,-114.436864,42.552136,,,
,389,131629184,,,,,,,-114.4737425,42.553109,,,
,390,131650459,,,,,,,-114.4762906,42.5511714,,,
,391,131645331,,,,,,,-114.4795787,42.5482001,,,
,392,131604859,,,,,,,-114.45245,42.537724,,,
,393,131649468,,,,,,,-114.4993271,42.5744088,,,
,394,1357264162,,,,,,,-114.5077405,42.5747395,,,
,395,1361118535,,,,,,,-114.4796107,42.5924366,,,
,396,1361118560,,,,,,,-114.4795472,42.5909939,,,
,397,1361118596,,,,,,,-114.4796734,42.5921525,,,
,398,131591316,,,,,,,-114.492385,42.571059,,,
,399,131600425,,,,,,,-114.573275,42.5729274,,,
,400,,,,,,,,-114.5835,42.5935542,,,boundary node created by osm2gmns
,401,131622382,,,,,,,-114.574733,42.5935248,,,
,402,1688906549,,,,,,,-114.4529278,42.6027734,,,
,403,1688906611,,,,,,,-114.4524558,42.6045933,,,
,404,3632246029,motorway_junction,,,,,,-114.447304,42.6320979,,,
,405,3632246228,traffic_signals,,signal,,,,-114.4464052,42.6372672,,,
,406,6245397358,,,,,,,-114.4454609,42.6431365,,,
,407,1688906711,,,,,,,-114.4482268,42.6293001,,,
,408,2844433263,,,,,,,-114.4525752,42.6046324,,,
,409,1842144779,,,,,,,-114.4453133,42.642317,,,
,410,,,,,,,,-114.4889393,42.6629,,,boundary node created by osm2gmns
,411,129440295,,,,,,,-114.469326,42.650218,,,
,412,129482806,motorway_junction,,,,,,-114.4578432,42.646159,,,
,413,1338660915,,,,,,,-114.5646034,42.5938921,,,
,414,1817107555,,,,,,,-114.5717755,42.5930551,,,
,415,5362738204,,,,,,,-114.4994164,42.5991406,,,
,416,131561320,,,,,,,-114.4994389,42.6063968,,,
,417,,,,,,,,-114.2846,42.5766668,,,boundary node created by osm2gmns
,418,129484615,,,,,,,-114.302759,42.579096,,,
,419,1842144778,,,,,,,-114.3812698,42.6195904,,,
,420,1842144783,,,,,,,-114.3815817,42.6190663,,,
,421,129495663,,,,,,,-114.288704,42.576469,,,
,422,,,,,,,,-114.2846,42.5764043,,,boundary node created by osm2gmns
,423,1842144782,,,,,,,-114.4454478,42.6417699,,,
,424,129587708,,,,,,,-114.3814438,42.6196501,,,
,425,1842144781,,,,,,,-114.4461452,42.642605,,,
,426,1842144777,,,,,,,-114.2962845,42.5769503,,,
,427,1842144780,,,,,,,-114.2963274,42.577535,,,
,428,129587832,,,,,,,-114.45891,42.647186,,,
,429,,,,,,,,-114.4884461,42.6629,,,boundary node created by osm2gmns
,430,129577618,,,,,,,-114.431335,42.604404,,,
,431,129440287,,,,,,,-114.470859,42.650597,,,
,432,1564473278,,,,,,,-114.5055122,42.5917149,,,
,433,1365102865,traffic_signals,,signal,,,,-114.4797413,42.588426,,,
,434,131622173,traffic_signals,,signal,,,,-114.467309,42.5579189,,,
,435,131626558,traffic_signals,,signal,,,,-114.465485,42.5592806,,,
,436,4361641503,traffic_signals,,signal,,,,-114.4795934,42.588422,,,
,437,1365102836,traffic_signals,,signal,,,,-114.4795328,42.5917935,,,
,438,,,,,,,,-114.2846,42.591417,,,boundary node created by osm2gmns
,439,,,,,,,,-114.3058751,42.5236,,,boundary node created by osm2gmns
,440,,,,,,,,-114.4601558,42.5236,,,boundary node created by osm2gmns
,441,131717847,,,,,,,-114.5747212,42.5361707,,,
,442,131717845,,,,,,,-114.5747283,42.5358809,,,
,443,131717843,,,,,,,-114.5747409,42.5326294,,,
,444,131716782,,,,,,,-114.5747516,42.53145,,,
,445,,,,,,,,-114.4406364,42.5236,,,boundary node created by osm2gmns
,446,,,,,,,,-114.4796642,42.5236,,,boundary node created by osm2gmns
,447,131486910,,,,,,,-114.5747432,42.5479098,,,
,448,1365102837,,,,,,,-114.4799694,42.5742617,,,
,449,1362951321,traffic_signals,,signal,,,,-114.4800424,42.5705358,,,
,450,131629133,,,,,,,-114.562284,42.564148,,,
,451,2216078566,,,,,,,-114.5755451,42.5672261,,,
,452,2216078328,,,,,,,-114.5832271,42.5637051,,,
,453,,,,,,,,-114.5835,42.5637059,,,boundary node created by osm2gmns
,454,2216099944,,,,,,,-114.5285952,42.5934452,,,
,455,1564485007,,,,,,,-114.5250585,42.593574,,,
,456,4281946155,,,,,,,-114.5158806,42.5927745,,,
,457,4163705161,,,,,,,-114.5091593,42.5916716,,,
,458,2216099941,,,,,,,-114.5305933,42.5933448,,,
,459,2216099939,,,,,,,-114.5706621,42.5928922,,,
,460,1817107545,,,,,,,-114.5693606,42.5929143,,,
,461,129639615,,,,,,,-114.4540866,42.6514843,,,
,462,129639624,,,,,,,-114.4499615,42.6513837,,,
,463,129639673,,,,,,,-114.4465344,42.6513374,,,
,464,129639691,traffic_signals,,signal,,,,-114.4440667,42.651384,,,
,465,2216191896,turning_circle,,,,,,-114.5749164,42.5746499,,,
,466,131699529,,,,,,,-114.574765,42.62247,,,
,467,131699600,,,,,,,-114.576116,42.635433,,,
,468,2216192053,,,,,,,-114.4506341,42.6502302,,,
,469,2216192052,,,,,,,-114.4504655,42.6502285,,,
,470,2216192046,,,,,,,-114.4467071,42.6499662,,,
,471,9873286649,,,,,,,-114.4447356,42.6494849,,,
,472,4927296174,,,,,,,-114.4542465,42.6463257,,,
,473,4927296189,,,,,,,-114.4511643,42.6464969,,,
,474,2216192060,,,,,,,-114.4465344,42.6519405,,,
,475,9084521263,,,,,,,-114.4439119,42.6567944,,,
,476,2216216428,,,,,,,-114.446715,42.6568228,,,
,477,2216216429,,,,,,,-114.4498598,42.6568477,,,
,478,8389208489,,,,,,,-114.4524492,42.6568817,,,
,479,2216216430,,,,,,,-114.4525785,42.6568834,,,
,480,8389208491,,,,,,,-114.4467352,42.6550601,,,
,481,2216216432,turning_circle,,,,,,-114.4466841,42.6581626,,,
,482,2216216431,turning_circle,,,,,,-114.4498439,42.6577133,,,
,483,2216216426,,,,,,,-114.4498857,42.6550751,,,
,484,2218968322,,,,,,,-114.3648166,42.5381258,,,
,485,131702324,,,,,,,-114.301791,42.5640286,,,
,486,131632684,,,,,,,-114.304875,42.562017,,,
,487,1818462155,,,,,,,-114.4573488,42.5952291,,,
,488,2844433256,,,,,,,-114.4544263,42.5984713,,,
,489,2844433257,,,,,,,-114.4530703,42.6027945,,,
,490,3632243649,,,,,,,-114.4498123,42.6382797,,,
,491,3632240150,traffic_signals,,signal,,,,-114.4467491,42.6372807,,,
,492,4282028372,,,,,,,-114.4465869,42.6372764,,,
,493,3632246227,,,,,,,-114.4420907,42.6374076,,,
,494,131632737,,,,,,,-114.3453676,42.562571,,,
,495,131688357,,,,,,,-114.5675127,42.5347909,,,
,496,131624818,,,,,,,-114.4848085,42.5707556,,,
,497,,,,,,,,-114.5835,42.622512,,,boundary node created by osm2gmns
,498,1362312864,,,,,,,-114.4014436,42.5483157,,,
,499,129498245,,,,,,,-114.4086975,42.603797,,,
,500,8936487643,,,,,,,-114.4901767,42.6050317,,,
,501,131619872,turning_circle,,,,,,-114.4262548,42.5592086,,,
,502,131583693,turning_loop,,,,,,-114.3844218,42.5884143,,,
,503,131630435,,,,,,,-114.4565561,42.5966443,,,
,504,5596999230,,,,,,,-114.4563509,42.5968606,,,
,505,5596997430,,,,,,,-114.4562218,42.5969206,,,
,506,5597259571,,,,,,,-114.456582,42.5965649,,,
,507,5596999226,,,,,,,-114.4562137,42.5971853,,,
,508,5689117041,,,,,,,-114.456287,42.5974192,,,
,509,5689117044,,,,,,,-114.4559557,42.5980934,,,
,510,5596987762,,,,,,,-114.4564262,42.5972549,,,
,511,3632243642,,,,,,,-114.4477568,42.6319334,,,
,512,9084521248,traffic_signals,,signal,,,,-114.4449329,42.6470511,,,
,513,1361118515,,,,,,,-114.4650508,42.5822568,,,
,514,6117091998,,,,,,,-114.4562015,42.5969349,,,
,515,6117091997,,,,,,,-114.4565789,42.5968949,,,
,516,6245397360,,,,,,,-114.4457152,42.6429055,,,
,517,129482778,,,,,,,-114.4460851,42.6408774,,,
,518,131632679,,,,,,,-114.304258,42.5617056,,,
,519,9609544644,,,,,,,-114.5053152,42.6064078,,,
,520,131680360,,,,,,,-114.3843678,42.5337501,,,
,521,,,,,,,,-114.4015347,42.5236,,,boundary node created by osm2gmns
,522,,,,,,,,-114.3842914,42.5236,,,boundary node created by osm2gmns
,523,131680387,,,,,,,-114.3843973,42.5482333,,,
,524,,,,,,,,-114.4773343,42.5236,,,boundary node created by osm2gmns
,525,131704144,,,,,,,-114.4038918,42.5893061,,,
,526,6883009600,,,,,,,-114.4893845,42.5239351,,,
,527,129684480,,,,,,,-114.4434288,42.6550563,,,
,528,8389208490,,,,,,,-114.452449,42.657816,,,
,529,,,,,,,,-114.5747698,42.5236,,,boundary node created by osm2gmns
,530,131632694,,,,,,,-114.306109,42.562301,,,
,531,131569104,,,,,,,-114.306026,42.565584,,,
,532,,,,,,,,-114.2846,42.5332147,,,boundary node created by osm2gmns
,533,8936395954,,,,,,,-114.5092257,42.5906034,,,
,534,8936395955,turning_circle,,,,,,-114.5059046,42.5906215,,,
,535,9084521286,,,,,,,-114.4444603,42.6488002,,,
,536,9084521281,,,,,,,-114.4432748,42.6622081,,,
,537,9084521241,,,,,,,-114.4432029,42.6585698,,,
,538,9084521259,,,,,,,-114.4398511,42.6514444,,,
,539,9084521260,,,,,,,-114.4395293,42.6514422,,,
,540,9084521274,,,,,,,-114.443683,42.6622012,,,
,541,,,,,,,,-114.4436976,42.6629,,,boundary node created by osm2gmns
,542,9084521282,,,,,,,-114.4430766,42.6622101,,,
,543,,,,,,,,-114.4433073,42.6629,,,boundary node created by osm2gmns
,544,,,,,,,,-114.4431131,42.6629,,,boundary node created by osm2gmns
,545,129488855,,,,,,,-114.4442641,42.6498966,,,
,546,9873286657,,,,,,,-114.4444529,42.6496814,,,
,547,9084483713,,,,,,,-114.4444874,42.6494684,,,
,548,2216192010,,,,,,,-114.5250179,42.5925982,,,
,549,9609386807,,,,,,,-114.5250596,42.5943917,,,
,550,9609544633,,,,,,,-114.5090932,42.6064078,,,
,551,9873286656,,,,,,,-114.4445396,42.6491834,,,
,552,10241206373,,,,,,,-114.5701768,42.5657797,,,
,553,,,,,,,,-114.3451553,42.5236,,,boundary node created by osm2gmns
,554,,,,,,,,-114.3647339,42.5236,,,boundary node created by osm2gmns
